refund_id,order_id,subscriber_id,refund_date,refund_amount,reason
REF-20001,ORD-11390,SUB-1578,2023-09-05,34.5,quality_issue
REF-20002,ORD-20040,SUB-2529,2024-05-16,20.12,changed_mind
REF-20003,ORD-10274,SUB-1461,2024-05-28,34.65,changed_mind
REF-20004,ORD-10356,SUB-1468,2024-06-24,54.93,changed_mind
REF-20005,ORD-14042,SUB-1821,2024-11-19,20.18,changed_mind
REF-20006,ORD-8870,SUB-1324,2024-01-31,54.24,quality_issue
REF-20007,ORD-24340,SUB-3233,2024-09-01,20.38,changed_mind
REF-20008,ORD-22029,SUB-2802,2024-06-27,34.98,wrong_item
REF-20009,ORD-10938,SUB-1533,2023-06-26,35.52,quality_issue
REF-20010,ORD-18602,SUB-2351,2024-06-08,54.74,changed_mind
REF-20011,ORD-13409,SUB-1756,2023-10-11,54.96,quality_issue
REF-20012,ORD-6479,SUB-1115,2023-02-17,34.99,quality_issue
REF-20013,ORD-17490,SUB-2217,2024-01-23,35.14,quality_issue
REF-20014,ORD-11047,SUB-1543,2024-04-16,34.74,duplicate_charge
REF-20015,ORD-12005,SUB-1632,2023-11-07,34.98,quality_issue
REF-20016,ORD-9714,SUB-1410,2024-07-07,54.92,changed_mind
REF-20017,ORD-12245,SUB-1650,2024-12-05,20.15,wrong_item
REF-20018,ORD-9661,SUB-1406,2023-05-13,34.96,quality_issue
REF-20019,ORD-24051,SUB-3162,2024-10-29,35.69,duplicate_charge
REF-20020,ORD-25245,SUB-3556,2024-12-27,35.32,duplicate_charge
REF-20021,ORD-5511,SUB-1041,2024-10-02,35.07,wrong_item
REF-20022,ORD-18002,SUB-2280,2024-02-08,20.3,quality_issue
REF-20023,ORD-18562,SUB-2346,2024-11-22,55.53,wrong_item
REF-20024,ORD-14482,SUB-1863,2024-11-30,35.56,wrong_item
REF-20025,ORD-25167,SUB-3512,2024-12-25,54.8,wrong_item
REF-20026,ORD-15753,SUB-2001,2024-09-19,34.76,quality_issue
REF-20027,ORD-18368,SUB-2327,2024-08-31,55.55,quality_issue
REF-20028,ORD-21901,SUB-2784,2024-06-27,54.24,duplicate_charge
REF-20029,ORD-22243,SUB-2834,2024-04-27,34.31,quality_issue
REF-20030,ORD-9866,SUB-1423,2024-10-08,35.43,wrong_item
REF-20031,ORD-20447,SUB-2579,2024-04-07,19.8,duplicate_charge
REF-20032,ORD-12096,SUB-1640,2024-03-18,54.03,changed_mind
REF-20033,ORD-11012,SUB-1540,2023-10-11,35.02,wrong_item
REF-20034,ORD-12519,SUB-1672,2024-04-10,19.91,duplicate_charge
REF-20035,ORD-13753,SUB-1792,2023-11-10,34.64,changed_mind
REF-20036,ORD-20767,SUB-2626,2024-04-28,20.16,quality_issue
REF-20037,ORD-23857,SUB-3119,2024-07-20,34.29,duplicate_charge
REF-20038,ORD-16137,SUB-2046,2023-09-27,54.32,wrong_item
REF-20039,ORD-5572,SUB-1046,2024-02-04,54.6,wrong_item
REF-20040,ORD-22426,SUB-2863,2024-10-20,34.52,changed_mind
REF-20041,ORD-6655,SUB-1129,2023-03-23,35.3,quality_issue
REF-20042,ORD-12867,SUB-1707,2024-01-27,34.44,duplicate_charge
REF-20043,ORD-17296,SUB-2189,2023-12-16,20.15,duplicate_charge
REF-20044,ORD-13987,SUB-1817,2024-04-15,34.67,changed_mind
REF-20045,ORD-14984,SUB-1917,2024-07-27,34.56,duplicate_charge
REF-20046,ORD-14960,SUB-1914,2024-09-02,54.36,changed_mind
REF-20047,ORD-9531,SUB-1393,2023-05-07,55.28,wrong_item
REF-20048,ORD-23278,SUB-3004,2024-08-03,34.69,quality_issue
REF-20049,ORD-8176,SUB-1260,2023-11-24,19.93,changed_mind
REF-20050,ORD-18527,SUB-2342,2024-03-03,20.32,changed_mind
REF-20051,ORD-5585,SUB-1047,2023-02-18,35.21,duplicate_charge
REF-20052,ORD-24303,SUB-3224,2024-12-08,54.18,quality_issue
REF-20053,ORD-9070,SUB-1344,2023-10-08,35.0,duplicate_charge
REF-20054,ORD-15501,SUB-1971,2023-09-21,34.88,quality_issue
REF-20055,ORD-14411,SUB-1858,2024-09-07,20.12,quality_issue
REF-20056,ORD-15790,SUB-2004,2024-10-15,34.84,duplicate_charge
REF-20057,ORD-15702,SUB-1997,2023-10-28,19.95,quality_issue
REF-20058,ORD-24643,SUB-3313,2025-01-06,55.24,duplicate_charge
REF-20059,ORD-12144,SUB-1643,2024-05-07,54.92,quality_issue
REF-20060,ORD-25095,SUB-3474,2024-12-16,20.05,quality_issue
REF-20061,ORD-9254,SUB-1365,2023-04-14,19.92,wrong_item
REF-20062,ORD-6909,SUB-1150,2023-03-28,20.05,changed_mind
REF-20063,ORD-19017,SUB-2403,2024-02-24,35.23,quality_issue
REF-20064,ORD-20878,SUB-2642,2024-09-11,55.81,duplicate_charge
REF-20065,ORD-19994,SUB-2521,2024-11-01,55.51,duplicate_charge
REF-20066,ORD-9137,SUB-1352,2024-07-02,35.63,wrong_item
REF-20067,ORD-14153,SUB-1830,2024-08-22,35.4,changed_mind
REF-20068,ORD-9490,SUB-1390,2023-06-17,35.54,quality_issue
REF-20069,ORD-8542,SUB-1297,2024-10-29,34.35,quality_issue
REF-20070,ORD-9618,SUB-1403,2023-07-20,19.95,changed_mind
REF-20071,ORD-7740,SUB-1215,2023-06-24,20.34,wrong_item
REF-20072,ORD-12297,SUB-1654,2024-08-01,20.11,quality_issue
REF-20073,ORD-14862,SUB-1905,2023-11-07,54.39,quality_issue
REF-20074,ORD-6851,SUB-1146,2023-03-26,34.76,quality_issue
REF-20075,ORD-20263,SUB-2557,2024-06-18,19.72,changed_mind
REF-20076,ORD-22375,SUB-2857,2024-09-11,34.65,changed_mind
REF-20077,ORD-25056,SUB-3461,2024-12-21,34.74,changed_mind
REF-20078,ORD-14639,SUB-1880,2024-12-28,54.95,changed_mind
REF-20079,ORD-18439,SUB-2334,2024-05-12,54.31,duplicate_charge
REF-20080,ORD-22830,SUB-2927,2024-10-24,20.34,changed_mind
REF-20081,ORD-10890,SUB-1523,2024-07-18,35.4,changed_mind
REF-20082,ORD-21890,SUB-2782,2024-07-05,55.52,changed_mind
REF-20083,ORD-9162,SUB-1356,2023-09-25,35.49,quality_issue
REF-20084,ORD-7009,SUB-1157,2023-11-01,20.05,changed_mind
REF-20085,ORD-8606,SUB-1303,2023-09-12,34.54,wrong_item
REF-20086,ORD-15918,SUB-2018,2024-02-11,55.93,wrong_item
REF-20087,ORD-6878,SUB-1147,2024-03-20,34.98,duplicate_charge
REF-20088,ORD-23007,SUB-2960,2024-12-18,54.48,duplicate_charge
REF-20089,ORD-9067,SUB-1344,2023-07-10,35.43,changed_mind
REF-20090,ORD-5055,SUB-1006,2023-03-03,35.24,quality_issue
REF-20091,ORD-10550,SUB-1484,2024-09-23,35.57,duplicate_charge
REF-20092,ORD-15479,SUB-1969,2024-07-22,19.67,quality_issue
REF-20093,ORD-24043,SUB-3160,2024-09-27,55.82,quality_issue
REF-20094,ORD-24458,SUB-3261,2024-12-04,35.6,quality_issue
REF-20095,ORD-18015,SUB-2281,2024-06-06,54.82,quality_issue
REF-20096,ORD-19608,SUB-2474,2024-05-11,35.52,wrong_item
REF-20097,ORD-17046,SUB-2154,2024-03-08,55.0,changed_mind
REF-20098,ORD-15768,SUB-2002,2024-09-01,34.81,changed_mind
REF-20099,ORD-23896,SUB-3128,2024-10-23,34.84,duplicate_charge
REF-20100,ORD-19567,SUB-2470,2024-06-15,34.51,changed_mind
REF-20101,ORD-7006,SUB-1157,2023-07-31,20.21,changed_mind
REF-20102,ORD-7045,SUB-1159,2024-10-23,35.57,wrong_item
REF-20103,ORD-8779,SUB-1316,2023-11-24,35.18,duplicate_charge
REF-20104,ORD-9960,SUB-1434,2023-09-03,34.82,wrong_item
REF-20105,ORD-8786,SUB-1318,2023-06-04,19.96,changed_mind
REF-20106,ORD-23058,SUB-2968,2024-10-19,54.13,quality_issue
REF-20107,ORD-20111,SUB-2536,2024-10-06,19.72,quality_issue
REF-20108,ORD-9292,SUB-1371,2023-04-23,55.45,duplicate_charge
REF-20109,ORD-19201,SUB-2424,2025-01-03,55.4,quality_issue
REF-20110,ORD-21262,SUB-2697,2024-10-06,54.08,quality_issue
REF-20111,ORD-17258,SUB-2186,2023-12-30,54.93,changed_mind
REF-20112,ORD-14613,SUB-1878,2023-08-23,35.49,quality_issue
REF-20113,ORD-5976,SUB-1078,2023-06-14,19.79,changed_mind
REF-20114,ORD-24172,SUB-3191,2024-12-09,20.13,quality_issue
REF-20115,ORD-7774,SUB-1218,2023-12-19,35.39,wrong_item
REF-20116,ORD-16193,SUB-2053,2023-12-25,35.01,quality_issue
REF-20117,ORD-15395,SUB-1962,2023-09-22,34.9,quality_issue
REF-20118,ORD-20075,SUB-2533,2024-10-13,35.66,changed_mind
REF-20119,ORD-24400,SUB-3248,2024-08-25,34.64,changed_mind
REF-20120,ORD-17048,SUB-2155,2023-10-31,54.25,duplicate_charge
REF-20121,ORD-8434,SUB-1284,2024-08-26,54.66,changed_mind
REF-20122,ORD-23189,SUB-2991,2024-12-18,20.32,wrong_item
REF-20123,ORD-6833,SUB-1144,2024-01-22,55.56,quality_issue
REF-20124,ORD-10416,SUB-1472,2023-10-01,55.5,wrong_item
REF-20125,ORD-15156,SUB-1936,2024-09-01,54.2,duplicate_charge
REF-20126,ORD-11111,SUB-1548,2023-09-25,19.71,wrong_item
REF-20127,ORD-10166,SUB-1453,2024-09-28,55.3,changed_mind
REF-20128,ORD-23009,SUB-2961,2024-06-30,34.73,changed_mind
REF-20129,ORD-13148,SUB-1729,2024-08-16,35.64,wrong_item
REF-20130,ORD-21487,SUB-2728,2024-08-03,35.19,duplicate_charge
REF-20131,ORD-6403,SUB-1110,2023-12-31,53.92,quality_issue
REF-20132,ORD-18703,SUB-2367,2024-04-04,20.37,quality_issue
REF-20133,ORD-22759,SUB-2915,2024-06-21,20.31,quality_issue
REF-20134,ORD-8746,SUB-1312,2024-05-28,19.91,duplicate_charge
REF-20135,ORD-12841,SUB-1705,2023-07-16,35.54,wrong_item
REF-20136,ORD-7452,SUB-1195,2023-02-14,34.91,quality_issue
REF-20137,ORD-18770,SUB-2375,2024-10-07,34.43,quality_issue
REF-20138,ORD-25283,SUB-3577,2024-11-09,34.96,wrong_item
REF-20139,ORD-9482,SUB-1388,2024-01-29,35.67,quality_issue
REF-20140,ORD-22225,SUB-2830,2024-11-22,55.3,changed_mind
REF-20141,ORD-19754,SUB-2494,2024-05-27,54.99,wrong_item
REF-20142,ORD-13898,SUB-1809,2024-05-21,35.38,quality_issue
REF-20143,ORD-16347,SUB-2068,2024-11-06,54.28,wrong_item
REF-20144,ORD-5373,SUB-1033,2024-03-18,34.4,wrong_item
REF-20145,ORD-5206,SUB-1022,2023-04-28,35.07,changed_mind
REF-20146,ORD-23586,SUB-3066,2024-11-05,54.48,quality_issue
REF-20147,ORD-12376,SUB-1660,2024-08-17,55.31,wrong_item
REF-20148,ORD-18490,SUB-2338,2024-06-19,20.27,changed_mind
REF-20149,ORD-6517,SUB-1119,2023-03-08,35.22,wrong_item
REF-20150,ORD-22328,SUB-2848,2024-06-07,34.8,changed_mind
REF-20151,ORD-6398,SUB-1110,2023-07-17,55.1,duplicate_charge
REF-20152,ORD-9441,SUB-1385,2023-04-16,55.15,wrong_item
REF-20153,ORD-12337,SUB-1658,2023-07-14,55.17,quality_issue
REF-20154,ORD-7038,SUB-1159,2024-03-23,34.72,quality_issue
REF-20155,ORD-16226,SUB-2056,2024-10-16,20.35,wrong_item
REF-20156,ORD-6240,SUB-1097,2023-02-12,34.49,wrong_item
REF-20157,ORD-7667,SUB-1210,2023-06-09,34.77,wrong_item
REF-20158,ORD-11176,SUB-1554,2023-11-08,35.47,duplicate_charge
REF-20159,ORD-17265,SUB-2186,2024-08-02,55.66,quality_issue
REF-20160,ORD-13294,SUB-1744,2024-02-07,35.38,changed_mind
REF-20161,ORD-16603,SUB-2101,2024-06-16,34.56,quality_issue
REF-20162,ORD-20254,SUB-2556,2024-10-06,55.49,changed_mind
REF-20163,ORD-10733,SUB-1507,2024-10-04,34.93,quality_issue
REF-20164,ORD-18525,SUB-2342,2024-01-03,19.71,quality_issue
REF-20165,ORD-21288,SUB-2700,2024-11-27,35.63,duplicate_charge
REF-20166,ORD-19941,SUB-2515,2024-07-04,54.39,changed_mind
REF-20167,ORD-17529,SUB-2221,2024-10-01,35.67,changed_mind
REF-20168,ORD-6394,SUB-1110,2023-03-26,54.36,quality_issue
REF-20169,ORD-16082,SUB-2036,2024-01-03,35.0,quality_issue
REF-20170,ORD-10720,SUB-1507,2023-08-28,35.65,quality_issue
REF-20171,ORD-21101,SUB-2676,2024-12-04,35.62,quality_issue
REF-20172,ORD-18901,SUB-2389,2024-09-15,55.86,changed_mind
REF-20173,ORD-21665,SUB-2754,2024-03-15,35.43,changed_mind
REF-20174,ORD-24777,SUB-3355,2025-01-03,19.89,changed_mind
REF-20175,ORD-13028,SUB-1720,2024-10-25,54.31,changed_mind
REF-20176,ORD-6118,SUB-1088,2024-03-22,55.84,wrong_item
REF-20177,ORD-11488,SUB-1587,2024-11-24,20.19,wrong_item
REF-20178,ORD-5330,SUB-1031,2023-10-17,34.61,wrong_item
REF-20179,ORD-22308,SUB-2843,2024-11-30,20.11,quality_issue
REF-20180,ORD-21684,SUB-2756,2024-11-03,20.31,wrong_item
REF-20181,ORD-20028,SUB-2527,2024-01-18,55.14,quality_issue
REF-20182,ORD-23381,SUB-3023,2024-09-26,55.43,quality_issue
REF-20183,ORD-16024,SUB-2028,2024-03-08,20.25,quality_issue
REF-20184,ORD-23996,SUB-3148,2024-12-24,34.75,wrong_item
REF-20185,ORD-9296,SUB-1371,2023-08-22,54.7,quality_issue
REF-20186,ORD-6944,SUB-1153,2023-09-30,34.48,quality_issue
REF-20187,ORD-21567,SUB-2739,2024-11-29,35.1,changed_mind
REF-20188,ORD-10629,SUB-1497,2023-11-11,19.66,changed_mind
REF-20189,ORD-16304,SUB-2065,2024-12-18,53.95,duplicate_charge
REF-20190,ORD-14608,SUB-1877,2024-04-25,55.33,wrong_item
REF-20191,ORD-8819,SUB-1319,2024-10-16,55.28,quality_issue
REF-20192,ORD-7391,SUB-1190,2023-07-31,35.01,quality_issue
REF-20193,ORD-13495,SUB-1765,2024-01-13,35.18,duplicate_charge
REF-20194,ORD-6140,SUB-1089,2024-01-26,35.04,quality_issue
REF-20195,ORD-11354,SUB-1574,2023-07-02,35.28,quality_issue
REF-20196,ORD-14324,SUB-1849,2024-10-09,54.91,quality_issue
REF-20197,ORD-14050,SUB-1823,2023-09-20,19.79,quality_issue
REF-20198,ORD-17340,SUB-2196,2024-01-31,35.54,quality_issue
REF-20199,ORD-7867,SUB-1226,2024-07-27,54.65,changed_mind
REF-20200,ORD-14127,SUB-1829,2023-11-27,34.77,quality_issue
REF-20201,ORD-21174,SUB-2686,2024-12-10,55.99,wrong_item
REF-20202,ORD-9073,SUB-1344,2024-01-07,35.32,quality_issue
REF-20203,ORD-18427,SUB-2333,2024-07-10,20.08,changed_mind
REF-20204,ORD-5392,SUB-1034,2023-11-08,55.4,changed_mind
REF-20205,ORD-24622,SUB-3307,2024-09-27,34.99,changed_mind
REF-20206,ORD-18323,SUB-2323,2024-05-30,54.09,changed_mind
REF-20207,ORD-23165,SUB-2987,2024-09-14,19.77,changed_mind
REF-20208,ORD-16658,SUB-2108,2023-11-09,34.86,quality_issue
REF-20209,ORD-14619,SUB-1879,2023-10-31,34.66,quality_issue
REF-20210,ORD-15273,SUB-1948,2023-11-10,54.35,quality_issue
REF-20211,ORD-21051,SUB-2669,2024-06-04,19.77,wrong_item
REF-20212,ORD-19969,SUB-2519,2024-06-11,20.16,changed_mind
REF-20213,ORD-23943,SUB-3139,2024-10-21,54.42,quality_issue
REF-20214,ORD-20148,SUB-2542,2024-06-22,20.23,wrong_item
REF-20215,ORD-12674,SUB-1689,2024-01-22,35.49,quality_issue
REF-20216,ORD-21001,SUB-2658,2024-02-21,54.38,wrong_item
REF-20217,ORD-25176,SUB-3517,2024-12-01,54.48,duplicate_charge
REF-20218,ORD-13819,SUB-1799,2023-09-16,54.69,changed_mind
REF-20219,ORD-14894,SUB-1907,2024-03-20,34.52,quality_issue
REF-20220,ORD-18874,SUB-2387,2024-08-20,19.74,quality_issue
REF-20221,ORD-19594,SUB-2473,2024-04-09,35.6,changed_mind
REF-20222,ORD-14202,SUB-1834,2024-02-06,20.38,quality_issue
REF-20223,ORD-25284,SUB-3577,2024-12-08,34.49,wrong_item
REF-20224,ORD-11514,SUB-1591,2023-11-26,34.48,quality_issue
REF-20225,ORD-16906,SUB-2139,2024-10-10,55.15,quality_issue
REF-20226,ORD-6834,SUB-1144,2024-02-16,56.0,changed_mind
REF-20227,ORD-11833,SUB-1616,2024-07-20,35.03,changed_mind
REF-20228,ORD-6578,SUB-1123,2023-09-22,34.6,wrong_item
REF-20229,ORD-11142,SUB-1550,2024-02-06,35.09,wrong_item
REF-20230,ORD-9113,SUB-1348,2024-09-06,54.99,quality_issue
REF-20231,ORD-17871,SUB-2261,2024-01-05,55.65,quality_issue
REF-20232,ORD-5450,SUB-1038,2024-05-31,54.88,changed_mind
REF-20233,ORD-10969,SUB-1537,2023-12-29,20.32,wrong_item
REF-20234,ORD-8881,SUB-1325,2023-04-30,19.9,changed_mind
REF-20235,ORD-24698,SUB-3332,2024-09-16,19.77,quality_issue
REF-20236,ORD-13837,SUB-1801,2023-10-21,35.09,changed_mind
REF-20237,ORD-22965,SUB-2955,2024-08-26,19.73,wrong_item
REF-20238,ORD-9034,SUB-1341,2024-04-10,35.42,quality_issue
REF-20239,ORD-16654,SUB-2107,2023-12-11,34.85,quality_issue
REF-20240,ORD-23429,SUB-3034,2024-11-23,35.31,quality_issue
REF-20241,ORD-21774,SUB-2768,2024-04-12,54.77,quality_issue
REF-20242,ORD-9301,SUB-1371,2024-01-23,55.8,changed_mind
REF-20243,ORD-9415,SUB-1382,2023-07-23,55.94,quality_issue
REF-20244,ORD-5839,SUB-1065,2024-05-27,35.33,changed_mind
REF-20245,ORD-18097,SUB-2292,2024-01-21,56.09,changed_mind
REF-20246,ORD-8554,SUB-1300,2023-05-05,20.15,changed_mind
REF-20247,ORD-18658,SUB-2361,2024-09-05,34.7,quality_issue
REF-20248,ORD-8394,SUB-1280,2023-03-26,34.86,wrong_item
REF-20249,ORD-6196,SUB-1091,2024-12-02,55.1,changed_mind
REF-20250,ORD-10551,SUB-1484,2024-10-19,35.42,changed_mind
REF-20251,ORD-14811,SUB-1897,2024-11-02,34.47,wrong_item
REF-20252,ORD-7726,SUB-1214,2024-03-28,34.64,changed_mind
REF-20253,ORD-19734,SUB-2490,2024-03-29,35.03,quality_issue
REF-20254,ORD-15393,SUB-1961,2023-12-25,35.59,changed_mind
REF-20255,ORD-24982,SUB-3433,2025-01-02,55.74,wrong_item
REF-20256,ORD-22484,SUB-2872,2024-05-26,35.16,wrong_item
REF-20257,ORD-23188,SUB-2991,2024-11-12,20.11,quality_issue
REF-20258,ORD-25047,SUB-3458,2024-12-13,35.26,changed_mind
REF-20259,ORD-11125,SUB-1549,2023-08-15,20.01,wrong_item
REF-20260,ORD-8261,SUB-1265,2023-06-09,35.33,wrong_item
REF-20261,ORD-24097,SUB-3171,2025-01-06,55.14,quality_issue
REF-20262,ORD-8618,SUB-1303,2024-09-19,34.44,quality_issue
REF-20263,ORD-21345,SUB-2709,2024-02-21,55.39,duplicate_charge
REF-20264,ORD-18963,SUB-2396,2024-08-02,55.42,changed_mind
REF-20265,ORD-7303,SUB-1182,2024-10-29,35.36,duplicate_charge
REF-20266,ORD-25108,SUB-3479,2024-12-27,56.01,changed_mind
REF-20267,ORD-10023,SUB-1439,2024-02-29,19.92,duplicate_charge
REF-20268,ORD-5073,SUB-1008,2023-01-23,54.13,wrong_item
REF-20269,ORD-17372,SUB-2199,2023-11-24,20.33,quality_issue
REF-20270,ORD-12021,SUB-1633,2023-09-08,34.98,changed_mind
REF-20271,ORD-15347,SUB-1957,2023-12-27,19.95,duplicate_charge
REF-20272,ORD-17810,SUB-2254,2024-10-19,54.79,changed_mind
REF-20273,ORD-18263,SUB-2315,2024-03-30,34.93,wrong_item
REF-20274,ORD-14422,SUB-1859,2024-06-14,54.1,quality_issue
REF-20275,ORD-20629,SUB-2600,2024-11-22,35.01,wrong_item
REF-20276,ORD-6640,SUB-1126,2024-04-03,34.51,quality_issue
REF-20277,ORD-15913,SUB-2018,2023-09-19,55.99,changed_mind
REF-20278,ORD-16008,SUB-2026,2024-05-04,54.17,quality_issue
REF-20279,ORD-11946,SUB-1626,2023-07-23,20.29,quality_issue
REF-20280,ORD-11841,SUB-1617,2023-09-02,34.32,quality_issue
REF-20281,ORD-17997,SUB-2279,2024-10-19,35.16,quality_issue
REF-20282,ORD-18059,SUB-2289,2024-04-08,34.31,quality_issue
REF-20283,ORD-22795,SUB-2920,2024-11-09,19.69,wrong_item
REF-20284,ORD-6971,SUB-1154,2024-04-25,55.25,wrong_item
REF-20285,ORD-11498,SUB-1590,2023-12-26,34.88,quality_issue
REF-20286,ORD-10069,SUB-1444,2023-09-15,20.24,quality_issue
REF-20287,ORD-18449,SUB-2335,2024-03-04,35.24,quality_issue
REF-20288,ORD-6541,SUB-1121,2024-01-15,35.35,quality_issue
REF-20289,ORD-15025,SUB-1924,2024-02-20,19.68,changed_mind
REF-20290,ORD-12542,SUB-1673,2024-12-11,20.23,changed_mind
REF-20291,ORD-14462,SUB-1862,2024-09-02,35.39,duplicate_charge
REF-20292,ORD-15979,SUB-2023,2024-08-01,34.51,quality_issue
REF-20293,ORD-21916,SUB-2785,2024-12-11,34.32,wrong_item
REF-20294,ORD-19765,SUB-2496,2024-02-27,54.62,quality_issue
REF-20295,ORD-21881,SUB-2781,2024-08-22,20.29,quality_issue
REF-20296,ORD-12122,SUB-1642,2023-12-31,34.57,wrong_item
REF-20297,ORD-8065,SUB-1250,2023-10-15,54.45,quality_issue
REF-20298,ORD-22546,SUB-2883,2024-07-01,55.42,quality_issue
REF-20299,ORD-15460,SUB-1967,2024-05-12,55.08,duplicate_charge
REF-20300,ORD-9897,SUB-1426,2024-12-02,55.09,quality_issue
REF-20301,ORD-22748,SUB-2913,2024-09-16,20.35,quality_issue
REF-20302,ORD-19617,SUB-2475,2024-02-27,34.91,changed_mind
REF-20303,ORD-18110,SUB-2294,2024-06-15,34.61,changed_mind
REF-20304,ORD-14181,SUB-1832,2024-05-09,54.59,quality_issue
REF-20305,ORD-11180,SUB-1555,2023-08-23,19.78,quality_issue
REF-20306,ORD-7615,SUB-1207,2023-02-13,55.74,duplicate_charge
REF-20307,ORD-10230,SUB-1459,2024-01-23,54.22,quality_issue
REF-20308,ORD-25004,SUB-3442,2024-12-17,35.39,changed_mind
REF-20309,ORD-8714,SUB-1311,2023-07-04,35.05,quality_issue
REF-20310,ORD-6427,SUB-1111,2024-01-12,34.87,quality_issue
REF-20311,ORD-16361,SUB-2069,2024-09-24,34.34,wrong_item
REF-20312,ORD-12217,SUB-1649,2024-01-29,19.69,changed_mind
REF-20313,ORD-15847,SUB-2012,2024-03-15,54.4,quality_issue
REF-20314,ORD-13128,SUB-1728,2024-06-16,35.23,wrong_item
REF-20315,ORD-5191,SUB-1020,2023-04-17,34.87,quality_issue
REF-20316,ORD-8513,SUB-1294,2023-07-03,20.07,changed_mind
REF-20317,ORD-22171,SUB-2823,2024-12-15,34.48,changed_mind
REF-20318,ORD-23825,SUB-3111,2024-11-06,20.15,duplicate_charge
REF-20319,ORD-20363,SUB-2566,2024-11-10,35.63,wrong_item
REF-20320,ORD-6620,SUB-1125,2023-07-26,55.28,quality_issue
REF-20321,ORD-14479,SUB-1863,2024-08-28,35.65,changed_mind
REF-20322,ORD-8502,SUB-1293,2023-10-10,19.79,changed_mind
REF-20323,ORD-18020,SUB-2282,2023-12-07,20.03,changed_mind
REF-20324,ORD-6497,SUB-1117,2023-07-03,20.12,changed_mind
REF-20325,ORD-12529,SUB-1673,2023-11-11,20.38,changed_mind
REF-20326,ORD-24558,SUB-3289,2024-11-10,20.02,duplicate_charge
REF-20327,ORD-18677,SUB-2365,2024-03-09,34.86,changed_mind
REF-20328,ORD-8503,SUB-1293,2023-11-10,19.84,changed_mind
REF-20329,ORD-24583,SUB-3296,2024-10-13,34.55,duplicate_charge
REF-20330,ORD-12704,SUB-1691,2024-06-25,35.55,quality_issue
REF-20331,ORD-8833,SUB-1321,2023-08-25,34.99,duplicate_charge
REF-20332,ORD-13341,SUB-1749,2023-08-14,34.51,changed_mind
REF-20333,ORD-6558,SUB-1122,2024-01-29,55.13,changed_mind
REF-20334,ORD-16915,SUB-2140,2024-04-26,20.35,quality_issue
REF-20335,ORD-6136,SUB-1089,2023-10-01,35.03,duplicate_charge
REF-20336,ORD-19129,SUB-2417,2024-06-16,34.82,wrong_item
REF-20337,ORD-11480,SUB-1587,2024-03-23,19.86,quality_issue
REF-20338,ORD-10936,SUB-1532,2024-11-19,34.59,changed_mind
REF-20339,ORD-14703,SUB-1886,2024-03-31,19.84,quality_issue
REF-20340,ORD-16545,SUB-2093,2024-07-10,54.77,quality_issue
REF-20341,ORD-22678,SUB-2900,2024-09-15,35.26,wrong_item
REF-20342,ORD-20160,SUB-2545,2024-01-24,55.34,wrong_item
REF-20343,ORD-5458,SUB-1039,2023-05-12,35.39,quality_issue
REF-20344,ORD-9726,SUB-1412,2023-12-01,34.54,wrong_item
REF-20345,ORD-11770,SUB-1611,2024-06-22,54.99,wrong_item
REF-20346,ORD-21790,SUB-2770,2024-07-20,19.86,quality_issue
REF-20347,ORD-23701,SUB-3087,2024-10-09,35.19,quality_issue
REF-20348,ORD-18713,SUB-2370,2024-07-25,34.82,quality_issue
REF-20349,ORD-7075,SUB-1161,2024-01-19,54.57,changed_mind
REF-20350,ORD-16518,SUB-2088,2024-05-28,34.72,quality_issue
REF-20351,ORD-23881,SUB-3125,2024-08-30,34.58,quality_issue
REF-20352,ORD-23918,SUB-3132,2024-09-16,35.16,quality_issue
REF-20353,ORD-18771,SUB-2375,2024-11-05,34.93,changed_mind
REF-20354,ORD-13839,SUB-1801,2023-12-29,35.05,quality_issue
REF-20355,ORD-9433,SUB-1384,2023-04-21,35.65,changed_mind
REF-20356,ORD-15271,SUB-1947,2024-12-15,55.02,wrong_item
REF-20357,ORD-12962,SUB-1714,2024-02-17,34.6,wrong_item
REF-20358,ORD-5395,SUB-1034,2024-01-31,54.42,quality_issue
REF-20359,ORD-11490,SUB-1588,2023-06-26,54.7,changed_mind
REF-20360,ORD-8600,SUB-1303,2023-03-13,35.31,quality_issue
REF-20361,ORD-23692,SUB-3086,2024-07-21,19.87,duplicate_charge
REF-20362,ORD-24144,SUB-3183,2024-09-27,20.36,quality_issue
REF-20363,ORD-25166,SUB-3512,2024-12-01,55.4,quality_issue
REF-20364,ORD-11399,SUB-1578,2024-06-02,35.06,quality_issue
REF-20365,ORD-24637,SUB-3312,2024-10-21,19.62,wrong_item
REF-20366,ORD-17573,SUB-2227,2024-01-29,35.28,quality_issue
REF-20367,ORD-11549,SUB-1597,2023-12-04,34.41,duplicate_charge
REF-20368,ORD-10333,SUB-1466,2023-05-18,54.03,quality_issue
REF-20369,ORD-23674,SUB-3082,2024-11-09,54.35,changed_mind
REF-20370,ORD-12597,SUB-1681,2024-12-12,35.02,wrong_item
REF-20371,ORD-10580,SUB-1487,2024-07-09,34.9,wrong_item
REF-20372,ORD-16709,SUB-2114,2023-10-08,20.34,duplicate_charge
REF-20373,ORD-10299,SUB-1462,2024-10-31,55.14,quality_issue
REF-20374,ORD-12771,SUB-1697,2024-07-07,35.34,quality_issue
REF-20375,ORD-18458,SUB-2335,2024-12-05,34.39,wrong_item
REF-20376,ORD-17463,SUB-2214,2023-12-25,35.13,changed_mind
REF-20377,ORD-6790,SUB-1141,2024-04-12,55.8,quality_issue
REF-20378,ORD-22950,SUB-2952,2024-05-18,55.87,duplicate_charge
REF-20379,ORD-21829,SUB-2775,2024-06-29,34.61,changed_mind
REF-20380,ORD-10559,SUB-1485,2023-10-29,19.6,quality_issue
REF-20381,ORD-13586,SUB-1774,2024-03-01,56.07,quality_issue
REF-20382,ORD-9895,SUB-1426,2024-09-22,54.26,changed_mind
REF-20383,ORD-9300,SUB-1371,2023-12-29,55.58,changed_mind
REF-20384,ORD-6606,SUB-1124,2024-05-18,54.49,duplicate_charge
REF-20385,ORD-9007,SUB-1340,2023-09-10,34.43,changed_mind
REF-20386,ORD-22216,SUB-2829,2024-10-30,20.06,changed_mind
REF-20387,ORD-16136,SUB-2045,2023-10-09,20.04,changed_mind
REF-20388,ORD-5943,SUB-1076,2023-02-20,19.86,wrong_item
REF-20389,ORD-20854,SUB-2638,2024-12-26,35.59,quality_issue
REF-20390,ORD-15188,SUB-1938,2024-09-08,35.04,changed_mind
REF-20391,ORD-17732,SUB-2242,2023-11-12,19.82,quality_issue
REF-20392,ORD-25203,SUB-3531,2024-12-02,20.26,changed_mind
REF-20393,ORD-12531,SUB-1673,2023-12-29,19.91,changed_mind
REF-20394,ORD-13293,SUB-1744,2024-01-11,34.9,changed_mind
REF-20395,ORD-21057,SUB-2671,2024-02-08,34.6,quality_issue
REF-20396,ORD-10016,SUB-1439,2023-07-31,20.38,wrong_item
REF-20397,ORD-7694,SUB-1211,2023-10-13,34.75,wrong_item
REF-20398,ORD-24650,SUB-3316,2024-09-30,19.82,quality_issue
REF-20399,ORD-10545,SUB-1484,2024-04-22,34.74,wrong_item
REF-20400,ORD-19870,SUB-2508,2024-04-09,56.08,wrong_item
REF-20401,ORD-16850,SUB-2132,2024-07-28,35.19,quality_issue
REF-20402,ORD-6143,SUB-1089,2024-04-24,34.7,changed_mind
REF-20403,ORD-14702,SUB-1886,2024-02-22,20.0,changed_mind
REF-20404,ORD-10973,SUB-1538,2023-08-26,55.4,changed_mind
REF-20405,ORD-15574,SUB-1981,2024-07-17,54.0,duplicate_charge
REF-20406,ORD-24874,SUB-3391,2024-12-26,35.34,duplicate_charge
REF-20407,ORD-18083,SUB-2291,2023-12-04,55.15,duplicate_charge
REF-20408,ORD-10109,SUB-1449,2023-06-11,56.09,wrong_item
REF-20409,ORD-17646,SUB-2233,2023-11-27,35.12,quality_issue
REF-20410,ORD-23380,SUB-3023,2024-08-26,55.61,quality_issue
REF-20411,ORD-11756,SUB-1610,2024-11-11,53.92,quality_issue
REF-20412,ORD-23172,SUB-2988,2024-08-29,20.37,quality_issue
REF-20413,ORD-7316,SUB-1184,2023-03-25,19.73,duplicate_charge
REF-20414,ORD-13157,SUB-1731,2023-09-12,19.99,quality_issue
REF-20415,ORD-10385,SUB-1470,2023-07-08,55.02,quality_issue
REF-20416,ORD-7061,SUB-1160,2024-03-16,35.15,quality_issue
REF-20417,ORD-24902,SUB-3404,2024-12-06,35.09,quality_issue
REF-20418,ORD-21685,SUB-2757,2024-03-13,34.39,wrong_item
REF-20419,ORD-17948,SUB-2273,2024-04-29,54.07,quality_issue
REF-20420,ORD-23273,SUB-3003,2024-10-21,35.17,quality_issue
REF-20421,ORD-21982,SUB-2796,2024-04-24,55.33,wrong_item
REF-20422,ORD-10165,SUB-1453,2024-09-03,55.62,quality_issue
REF-20423,ORD-19864,SUB-2507,2024-08-24,19.81,changed_mind
REF-20424,ORD-5112,SUB-1011,2023-06-11,34.44,quality_issue
REF-20425,ORD-12228,SUB-1649,2025-01-05,19.94,quality_issue
REF-20426,ORD-19610,SUB-2474,2024-07-16,34.83,quality_issue
REF-20427,ORD-24828,SUB-3374,2024-12-11,34.46,wrong_item
REF-20428,ORD-15065,SUB-1928,2023-09-17,34.83,changed_mind
REF-20429,ORD-18811,SUB-2382,2024-06-07,35.21,quality_issue
REF-20430,ORD-20651,SUB-2602,2024-11-15,20.3,wrong_item
REF-20431,ORD-17069,SUB-2159,2023-11-12,20.11,quality_issue
REF-20432,ORD-23504,SUB-3050,2024-08-25,19.71,changed_mind
REF-20433,ORD-23364,SUB-3017,2024-09-24,54.9,quality_issue
REF-20434,ORD-7459,SUB-1196,2023-05-01,19.97,duplicate_charge
REF-20435,ORD-13285,SUB-1743,2024-07-07,20.15,wrong_item
REF-20436,ORD-21103,SUB-2677,2024-03-13,55.66,quality_issue
REF-20437,ORD-19861,SUB-2507,2024-05-23,19.85,wrong_item
REF-20438,ORD-10351,SUB-1468,2024-01-30,54.7,quality_issue
REF-20439,ORD-9011,SUB-1340,2024-01-10,35.35,wrong_item
REF-20440,ORD-10664,SUB-1499,2024-09-29,34.52,quality_issue
REF-20441,ORD-23392,SUB-3026,2024-07-30,20.14,quality_issue
REF-20442,ORD-19209,SUB-2425,2024-07-22,34.3,quality_issue
REF-20443,ORD-6700,SUB-1132,2023-08-01,54.23,changed_mind
REF-20444,ORD-16738,SUB-2117,2024-08-05,34.41,wrong_item
REF-20445,ORD-11156,SUB-1553,2023-10-31,19.95,quality_issue
REF-20446,ORD-13188,SUB-1734,2024-03-12,19.69,wrong_item
REF-20447,ORD-13691,SUB-1784,2023-09-19,35.67,quality_issue
REF-20448,ORD-22974,SUB-2956,2024-10-29,20.31,changed_mind
REF-20449,ORD-11442,SUB-1583,2024-01-17,20.26,quality_issue
REF-20450,ORD-24465,SUB-3263,2024-12-24,54.58,changed_mind
REF-20451,ORD-9337,SUB-1375,2024-05-03,34.35,quality_issue
REF-20452,ORD-5498,SUB-1041,2023-08-29,34.74,wrong_item
REF-20453,ORD-16457,SUB-2083,2024-01-01,53.94,duplicate_charge
REF-20454,ORD-10775,SUB-1512,2023-06-26,35.53,quality_issue
REF-20455,ORD-11338,SUB-1573,2023-09-20,55.99,quality_issue
REF-20456,ORD-12359,SUB-1659,2024-09-26,34.84,changed_mind
REF-20457,ORD-22509,SUB-2874,2024-12-06,19.8,quality_issue
REF-20458,ORD-10536,SUB-1484,2023-07-14,34.47,changed_mind
REF-20459,ORD-19073,SUB-2411,2024-02-16,35.0,wrong_item
REF-20460,ORD-10784,SUB-1514,2023-06-29,20.01,quality_issue
REF-20461,ORD-22292,SUB-2841,2024-06-17,54.06,wrong_item
REF-20462,ORD-11493,SUB-1590,2023-07-29,34.9,wrong_item
REF-20463,ORD-24785,SUB-3359,2024-10-08,35.64,quality_issue
REF-20464,ORD-6183,SUB-1091,2023-10-26,55.87,quality_issue
REF-20465,ORD-14173,SUB-1832,2023-08-25,54.77,duplicate_charge
REF-20466,ORD-7276,SUB-1181,2024-06-29,35.45,changed_mind
REF-20467,ORD-5404,SUB-1034,2024-11-06,55.2,duplicate_charge
REF-20468,ORD-5739,SUB-1060,2023-08-14,35.07,quality_issue
REF-20469,ORD-17653,SUB-2233,2024-06-24,35.52,quality_issue
REF-20470,ORD-5466,SUB-1039,2024-01-09,35.63,wrong_item
REF-20471,ORD-14858,SUB-1903,2023-11-26,19.89,quality_issue
REF-20472,ORD-14790,SUB-1896,2024-02-24,34.66,changed_mind
REF-20473,ORD-10392,SUB-1470,2024-02-19,54.19,quality_issue
REF-20474,ORD-12763,SUB-1697,2023-11-06,34.66,duplicate_charge
REF-20475,ORD-18045,SUB-2285,2023-11-21,20.13,quality_issue
REF-20476,ORD-22665,SUB-2898,2024-08-15,35.28,wrong_item
REF-20477,ORD-5089,SUB-1008,2024-05-18,54.69,duplicate_charge
REF-20478,ORD-12256,SUB-1651,2024-04-19,34.62,quality_issue
REF-20479,ORD-11107,SUB-1547,2023-07-18,55.31,duplicate_charge
REF-20480,ORD-21431,SUB-2721,2024-11-15,35.01,quality_issue
REF-20481,ORD-25031,SUB-3452,2024-12-24,35.59,quality_issue
REF-20482,ORD-17697,SUB-2239,2024-04-10,20.19,changed_mind
REF-20483,ORD-7707,SUB-1212,2024-02-22,34.41,changed_mind
REF-20484,ORD-9987,SUB-1436,2024-03-19,55.27,wrong_item
REF-20485,ORD-11926,SUB-1625,2023-07-02,34.64,quality_issue
REF-20486,ORD-7179,SUB-1174,2023-06-06,54.09,changed_mind
REF-20487,ORD-20240,SUB-2554,2024-07-20,55.74,wrong_item
REF-20488,ORD-13337,SUB-1748,2023-11-28,20.17,quality_issue
REF-20489,ORD-5215,SUB-1022,2024-02-08,34.57,quality_issue
REF-20490,ORD-8322,SUB-1270,2024-06-02,34.81,duplicate_charge
REF-20491,ORD-21045,SUB-2667,2024-03-09,35.46,duplicate_charge
REF-20492,ORD-9443,SUB-1385,2023-06-12,54.72,wrong_item
REF-20493,ORD-23047,SUB-2966,2024-10-16,19.6,changed_mind
REF-20494,ORD-7196,SUB-1174,2024-11-01,53.99,wrong_item
REF-20495,ORD-16070,SUB-2035,2024-02-24,19.59,changed_mind
REF-20496,ORD-9921,SUB-1429,2023-05-25,34.52,changed_mind
REF-20497,ORD-11709,SUB-1608,2023-08-24,34.84,quality_issue
REF-20498,ORD-15564,SUB-1981,2023-09-23,55.33,changed_mind
REF-20499,ORD-7528,SUB-1200,2023-06-18,35.13,changed_mind
REF-20500,ORD-11593,SUB-1600,2023-11-18,34.33,quality_issue
REF-20501,ORD-16707,SUB-2113,2024-11-11,55.75,changed_mind
REF-20502,ORD-11375,SUB-1577,2023-10-10,20.29,changed_mind
REF-20503,ORD-14045,SUB-1822,2023-09-18,35.6,duplicate_charge
REF-20504,ORD-15512,SUB-1974,2023-10-01,35.26,quality_issue
REF-20505,ORD-24938,SUB-3416,2024-12-29,19.64,quality_issue
REF-20506,ORD-13855,SUB-1803,2023-08-23,20.31,duplicate_charge
REF-20507,ORD-24425,SUB-3254,2024-08-25,34.95,quality_issue
REF-20508,ORD-11085,SUB-1545,2024-04-23,20.04,changed_mind
REF-20509,ORD-5285,SUB-1029,2023-12-23,54.54,quality_issue
REF-20510,ORD-10727,SUB-1507,2024-04-08,34.55,wrong_item
REF-20511,ORD-16128,SUB-2042,2023-10-05,35.18,changed_mind
REF-20512,ORD-17378,SUB-2200,2024-04-19,35.32,wrong_item
REF-20513,ORD-21934,SUB-2788,2024-03-20,19.75,changed_mind
REF-20514,ORD-6743,SUB-1136,2023-08-30,34.32,changed_mind
REF-20515,ORD-17403,SUB-2202,2024-12-04,20.23,wrong_item
REF-20516,ORD-25288,SUB-3579,2025-01-13,35.25,changed_mind
REF-20517,ORD-16386,SUB-2072,2024-03-08,55.03,duplicate_charge
REF-20518,ORD-20555,SUB-2594,2024-03-04,19.78,duplicate_charge
REF-20519,ORD-12997,SUB-1718,2023-11-01,55.18,wrong_item
REF-20520,ORD-21775,SUB-2768,2024-05-18,54.15,changed_mind
REF-20521,ORD-21132,SUB-2681,2024-03-20,34.72,wrong_item
REF-20522,ORD-8702,SUB-1310,2024-03-02,54.35,duplicate_charge
REF-20523,ORD-5494,SUB-1041,2023-04-25,34.8,quality_issue
REF-20524,ORD-13618,SUB-1779,2023-08-24,34.94,changed_mind
REF-20525,ORD-18331,SUB-2324,2024-04-04,19.86,quality_issue
REF-20526,ORD-10951,SUB-1533,2024-07-17,35.16,changed_mind
REF-20527,ORD-6013,SUB-1081,2023-10-13,35.01,wrong_item
REF-20528,ORD-6843,SUB-1144,2024-11-26,54.82,wrong_item
REF-20529,ORD-24773,SUB-3354,2024-12-31,35.47,wrong_item
REF-20530,ORD-20974,SUB-2653,2024-07-22,35.2,wrong_item
REF-20531,ORD-19494,SUB-2461,2024-05-28,35.1,changed_mind
REF-20532,ORD-23752,SUB-3096,2024-07-12,20.28,changed_mind
REF-20533,ORD-23387,SUB-3024,2024-07-12,35.01,changed_mind
REF-20534,ORD-10868,SUB-1522,2024-05-03,34.98,wrong_item
REF-20535,ORD-7105,SUB-1165,2023-09-30,55.37,quality_issue
REF-20536,ORD-22010,SUB-2799,2024-07-17,34.46,changed_mind
REF-20537,ORD-20009,SUB-2525,2024-01-12,19.75,duplicate_charge
REF-20538,ORD-11197,SUB-1557,2024-01-23,54.31,changed_mind
REF-20539,ORD-15495,SUB-1970,2024-08-05,55.12,wrong_item
REF-20540,ORD-20073,SUB-2533,2024-08-05,35.13,changed_mind
REF-20541,ORD-19407,SUB-2450,2024-11-01,35.62,quality_issue
REF-20542,ORD-9435,SUB-1384,2023-06-26,34.58,quality_issue
REF-20543,ORD-10334,SUB-1466,2023-06-11,55.2,quality_issue
REF-20544,ORD-11221,SUB-1560,2024-10-23,20.36,wrong_item
REF-20545,ORD-17204,SUB-2179,2023-12-11,19.72,changed_mind
REF-20546,ORD-11187,SUB-1556,2023-11-30,34.8,quality_issue
REF-20547,ORD-11506,SUB-1590,2024-09-02,35.67,duplicate_charge
REF-20548,ORD-17670,SUB-2235,2024-07-07,53.98,wrong_item
REF-20549,ORD-23440,SUB-3037,2024-09-21,55.55,quality_issue
REF-20550,ORD-16084,SUB-2036,2024-03-01,34.41,changed_mind
REF-20551,ORD-22054,SUB-2806,2024-04-26,19.87,quality_issue
REF-20552,ORD-17446,SUB-2209,2024-10-08,35.36,quality_issue
REF-20553,ORD-15858,SUB-2013,2023-12-27,34.65,changed_mind
REF-20554,ORD-14096,SUB-1826,2024-05-20,54.05,quality_issue
REF-20555,ORD-5267,SUB-1027,2023-04-26,35.01,changed_mind
REF-20556,ORD-17947,SUB-2273,2024-03-23,56.0,changed_mind
REF-20557,ORD-12663,SUB-1688,2023-09-15,19.97,wrong_item
REF-20558,ORD-5632,SUB-1049,2023-07-20,35.14,quality_issue
REF-20559,ORD-7406,SUB-1191,2023-11-11,55.05,changed_mind
REF-20560,ORD-14875,SUB-1905,2024-12-02,54.12,quality_issue
REF-20561,ORD-20386,SUB-2569,2024-03-05,35.68,wrong_item
REF-20562,ORD-14839,SUB-1901,2024-01-24,35.06,quality_issue
REF-20563,ORD-16725,SUB-2115,2024-11-25,34.77,changed_mind
REF-20564,ORD-13059,SUB-1724,2024-05-28,54.61,changed_mind
REF-20565,ORD-19183,SUB-2423,2024-07-24,35.34,changed_mind
REF-20566,ORD-21645,SUB-2750,2024-10-19,35.13,duplicate_charge
REF-20567,ORD-22649,SUB-2896,2024-10-19,34.87,duplicate_charge
REF-20568,ORD-16669,SUB-2109,2024-01-30,20.27,changed_mind
REF-20569,ORD-18181,SUB-2304,2024-09-25,34.73,wrong_item
REF-20570,ORD-9231,SUB-1361,2023-06-19,19.68,wrong_item
REF-20571,ORD-24158,SUB-3187,2024-08-30,54.68,changed_mind
REF-20572,ORD-10642,SUB-1497,2024-12-05,20.0,quality_issue
REF-20573,ORD-24261,SUB-3213,2024-11-28,20.31,wrong_item
REF-20574,ORD-7469,SUB-1196,2024-02-24,20.08,changed_mind
REF-20575,ORD-19065,SUB-2408,2024-10-03,56.01,changed_mind
REF-20576,ORD-12772,SUB-1697,2024-08-03,34.32,changed_mind
REF-20577,ORD-14246,SUB-1839,2024-02-01,35.34,duplicate_charge
REF-20578,ORD-18588,SUB-2349,2024-06-10,55.35,changed_mind
REF-20579,ORD-8037,SUB-1249,2023-05-01,34.86,wrong_item
REF-20580,ORD-14731,SUB-1888,2023-10-02,20.11,changed_mind
REF-20581,ORD-11553,SUB-1597,2024-04-05,34.59,duplicate_charge
REF-20582,ORD-9391,SUB-1380,2023-05-23,19.59,changed_mind
REF-20583,ORD-24944,SUB-3418,2024-12-26,55.42,wrong_item
REF-20584,ORD-18218,SUB-2311,2024-02-09,20.14,quality_issue
REF-20585,ORD-18219,SUB-2311,2024-03-11,19.85,quality_issue
REF-20586,ORD-17753,SUB-2247,2024-08-04,34.5,quality_issue
REF-20587,ORD-13403,SUB-1754,2025-01-02,54.0,wrong_item
REF-20588,ORD-10672,SUB-1500,2023-09-14,19.97,changed_mind
REF-20589,ORD-23136,SUB-2983,2025-01-06,54.68,changed_mind
REF-20590,ORD-5647,SUB-1052,2023-07-22,20.1,duplicate_charge
REF-20591,ORD-7439,SUB-1193,2024-01-21,55.95,wrong_item
REF-20592,ORD-14817,SUB-1898,2023-11-19,35.23,quality_issue
REF-20593,ORD-14304,SUB-1848,2024-07-26,55.27,quality_issue
REF-20594,ORD-7794,SUB-1219,2024-06-22,19.78,wrong_item
REF-20595,ORD-16420,SUB-2075,2024-11-08,54.72,quality_issue
REF-20596,ORD-15028,SUB-1925,2023-09-18,54.47,changed_mind
REF-20597,ORD-5449,SUB-1038,2024-05-07,55.52,changed_mind
REF-20598,ORD-21366,SUB-2712,2024-03-19,54.29,duplicate_charge
REF-20599,ORD-8361,SUB-1275,2023-05-10,35.36,wrong_item
REF-20600,ORD-15824,SUB-2009,2023-11-04,35.38,changed_mind
REF-20601,ORD-14421,SUB-1859,2024-05-07,55.29,wrong_item
REF-20602,ORD-11347,SUB-1573,2024-06-23,55.66,wrong_item
REF-20603,ORD-12396,SUB-1661,2024-10-28,19.78,duplicate_charge
REF-20604,ORD-25377,SUB-3665,2024-12-20,55.04,changed_mind
REF-20605,ORD-16176,SUB-2052,2023-11-05,55.62,quality_issue
REF-20606,ORD-6885,SUB-1147,2024-10-14,34.73,changed_mind
REF-20607,ORD-11919,SUB-1624,2024-01-19,55.2,quality_issue
REF-20608,ORD-8106,SUB-1253,2023-05-03,19.77,quality_issue
REF-20609,ORD-25345,SUB-3628,2024-12-26,34.87,changed_mind
REF-20610,ORD-22146,SUB-2819,2024-09-18,54.51,changed_mind
REF-20611,ORD-20348,SUB-2564,2025-01-07,55.61,quality_issue
REF-20612,ORD-20816,SUB-2633,2024-08-20,34.91,changed_mind
REF-20613,ORD-23287,SUB-3005,2024-09-02,55.97,duplicate_charge
REF-20614,ORD-8219,SUB-1263,2023-03-19,54.61,wrong_item
REF-20615,ORD-8021,SUB-1244,2023-12-26,34.73,quality_issue
REF-20616,ORD-16277,SUB-2063,2024-01-14,53.95,duplicate_charge
REF-20617,ORD-23982,SUB-3146,2024-10-20,54.3,changed_mind
REF-20618,ORD-22772,SUB-2916,2024-12-05,55.2,wrong_item
REF-20619,ORD-8229,SUB-1263,2024-01-27,53.94,duplicate_charge
REF-20620,ORD-17133,SUB-2166,2024-04-08,35.59,changed_mind
REF-20621,ORD-22433,SUB-2864,2024-08-16,34.78,duplicate_charge
REF-20622,ORD-11890,SUB-1621,2024-03-29,35.48,duplicate_charge
REF-20623,ORD-9506,SUB-1391,2023-07-02,35.24,quality_issue
REF-20624,ORD-20882,SUB-2643,2024-02-14,34.6,changed_mind
REF-20625,ORD-16919,SUB-2140,2024-09-04,20.13,changed_mind
REF-20626,ORD-9753,SUB-1415,2023-05-27,53.92,changed_mind
REF-20627,ORD-21629,SUB-2748,2024-04-20,54.85,changed_mind
REF-20628,ORD-5945,SUB-1076,2023-04-23,19.64,quality_issue
REF-20629,ORD-6377,SUB-1107,2024-07-18,35.68,duplicate_charge
REF-20630,ORD-16424,SUB-2077,2023-12-28,55.03,changed_mind
REF-20631,ORD-8218,SUB-1262,2024-09-09,35.52,quality_issue
REF-20632,ORD-16192,SUB-2053,2023-11-19,34.38,changed_mind
REF-20633,ORD-23923,SUB-3135,2024-07-19,20.13,quality_issue
REF-20634,ORD-24027,SUB-3157,2024-07-16,35.06,changed_mind
REF-20635,ORD-7723,SUB-1214,2024-01-02,34.49,duplicate_charge
REF-20636,ORD-11945,SUB-1626,2023-06-22,20.04,duplicate_charge
REF-20637,ORD-6549,SUB-1122,2023-05-03,56.02,changed_mind
REF-20638,ORD-17690,SUB-2238,2023-11-17,35.12,duplicate_charge
REF-20639,ORD-25078,SUB-3469,2024-10-29,35.22,changed_mind
REF-20640,ORD-5424,SUB-1036,2023-08-06,34.4,changed_mind
REF-20641,ORD-19299,SUB-2436,2024-08-13,35.66,changed_mind
REF-20642,ORD-6703,SUB-1132,2023-11-01,56.05,changed_mind
REF-20643,ORD-8886,SUB-1325,2023-09-27,19.64,wrong_item
REF-20644,ORD-5259,SUB-1026,2024-09-02,34.78,wrong_item
REF-20645,ORD-5561,SUB-1046,2023-03-09,55.73,changed_mind
REF-20646,ORD-23795,SUB-3104,2024-08-06,34.53,wrong_item
REF-20647,ORD-19328,SUB-2441,2024-10-01,55.02,wrong_item
REF-20648,ORD-15873,SUB-2014,2023-11-05,55.06,changed_mind
REF-20649,ORD-6071,SUB-1086,2024-05-09,55.93,quality_issue
REF-20650,ORD-24286,SUB-3219,2024-10-16,20.15,quality_issue
REF-20651,ORD-8748,SUB-1312,2024-08-08,19.84,quality_issue
REF-20652,ORD-10828,SUB-1517,2023-07-04,19.92,changed_mind
REF-20653,ORD-19875,SUB-2508,2024-09-15,55.45,quality_issue
REF-20654,ORD-19530,SUB-2464,2024-08-16,34.69,quality_issue
REF-20655,ORD-13869,SUB-1807,2023-08-13,34.56,wrong_item
REF-20656,ORD-14360,SUB-1854,2024-07-29,34.65,duplicate_charge
REF-20657,ORD-5570,SUB-1046,2023-11-30,54.47,changed_mind
REF-20658,ORD-24731,SUB-3341,2024-10-26,54.38,quality_issue
REF-20659,ORD-11298,SUB-1568,2023-07-04,19.87,wrong_item
REF-20660,ORD-10881,SUB-1523,2023-10-17,34.79,quality_issue
REF-20661,ORD-6870,SUB-1147,2023-07-27,34.81,wrong_item
REF-20662,ORD-5512,SUB-1041,2024-10-22,34.82,duplicate_charge
REF-20663,ORD-6949,SUB-1153,2024-03-02,34.86,wrong_item
REF-20664,ORD-24298,SUB-3223,2024-12-07,20.19,changed_mind
REF-20665,ORD-15887,SUB-2015,2023-09-29,35.55,changed_mind
REF-20666,ORD-7613,SUB-1206,2023-05-10,34.86,quality_issue
REF-20667,ORD-20337,SUB-2563,2024-12-11,20.04,wrong_item
REF-20668,ORD-19913,SUB-2511,2025-01-01,55.01,changed_mind
REF-20669,ORD-19590,SUB-2472,2024-12-06,35.66,quality_issue
REF-20670,ORD-7153,SUB-1170,2023-12-09,54.1,quality_issue
REF-20671,ORD-15091,SUB-1930,2023-11-24,54.59,duplicate_charge
REF-20672,ORD-23405,SUB-3028,2024-05-28,35.23,duplicate_charge
REF-20673,ORD-5041,SUB-1005,2023-02-10,35.39,quality_issue
REF-20674,ORD-23633,SUB-3073,2024-08-17,35.36,wrong_item
REF-20675,ORD-19048,SUB-2407,2024-06-04,55.58,changed_mind
REF-20676,ORD-15698,SUB-1996,2024-01-05,20.19,quality_issue
REF-20677,ORD-7330,SUB-1187,2023-04-23,35.47,quality_issue
REF-20678,ORD-6672,SUB-1129,2024-08-21,34.75,quality_issue
REF-20679,ORD-21215,SUB-2692,2024-12-18,35.15,changed_mind
REF-20680,ORD-19989,SUB-2521,2024-05-31,54.32,quality_issue
REF-20681,ORD-14869,SUB-1905,2024-06-06,55.18,wrong_item
REF-20682,ORD-18545,SUB-2345,2024-05-16,35.35,duplicate_charge
REF-20683,ORD-23926,SUB-3135,2024-10-21,20.34,quality_issue
REF-20684,ORD-15575,SUB-1981,2024-08-21,55.44,wrong_item
REF-20685,ORD-20181,SUB-2547,2024-02-11,19.65,quality_issue
REF-20686,ORD-15163,SUB-1937,2023-11-25,35.09,duplicate_charge
REF-20687,ORD-13356,SUB-1749,2024-11-07,34.34,changed_mind
REF-20688,ORD-14616,SUB-1878,2023-11-27,35.56,quality_issue
REF-20689,ORD-11387,SUB-1577,2024-10-21,20.07,changed_mind
REF-20690,ORD-12504,SUB-1671,2024-03-30,34.92,wrong_item
REF-20691,ORD-20410,SUB-2572,2024-03-27,20.15,quality_issue
REF-20692,ORD-12326,SUB-1656,2023-12-17,34.6,changed_mind
REF-20693,ORD-18289,SUB-2318,2024-08-26,19.96,quality_issue
REF-20694,ORD-16473,SUB-2084,2024-01-09,20.02,quality_issue
REF-20695,ORD-24972,SUB-3429,2024-12-09,35.15,quality_issue
REF-20696,ORD-10604,SUB-1491,2023-10-22,20.08,quality_issue
REF-20697,ORD-6726,SUB-1134,2023-05-05,55.79,changed_mind
REF-20698,ORD-9855,SUB-1423,2023-11-03,34.53,duplicate_charge
REF-20699,ORD-14242,SUB-1839,2023-10-06,34.49,quality_issue
REF-20700,ORD-25323,SUB-3605,2025-01-01,20.13,changed_mind
REF-20701,ORD-24544,SUB-3285,2024-12-04,20.35,quality_issue
REF-20702,ORD-10344,SUB-1468,2023-06-22,54.57,quality_issue
REF-20703,ORD-22707,SUB-2905,2024-11-06,34.4,quality_issue
REF-20704,ORD-18424,SUB-2333,2024-03-30,20.09,quality_issue
REF-20705,ORD-22387,SUB-2858,2024-11-25,20.31,quality_issue
REF-20706,ORD-7981,SUB-1239,2024-10-28,34.52,duplicate_charge
REF-20707,ORD-11788,SUB-1612,2024-11-22,54.88,duplicate_charge
REF-20708,ORD-23830,SUB-3113,2024-08-16,20.36,changed_mind
REF-20709,ORD-24012,SUB-3152,2024-11-25,54.43,wrong_item
REF-20710,ORD-23518,SUB-3052,2024-09-24,20.2,quality_issue
REF-20711,ORD-6884,SUB-1147,2024-09-14,34.33,wrong_item
REF-20712,ORD-21370,SUB-2713,2024-05-04,34.56,changed_mind
REF-20713,ORD-9658,SUB-1405,2024-12-10,55.55,changed_mind
REF-20714,ORD-15980,SUB-2023,2024-08-20,35.02,changed_mind
REF-20715,ORD-16118,SUB-2038,2024-12-16,56.08,duplicate_charge
REF-20716,ORD-12821,SUB-1702,2023-11-10,20.18,quality_issue
REF-20717,ORD-16038,SUB-2031,2024-05-09,19.99,quality_issue
REF-20718,ORD-24826,SUB-3374,2024-10-14,35.38,wrong_item
REF-20719,ORD-10986,SUB-1538,2024-09-22,55.27,changed_mind
REF-20720,ORD-9006,SUB-1340,2023-08-07,35.05,wrong_item
REF-20721,ORD-5551,SUB-1045,2023-05-13,35.5,duplicate_charge
REF-20722,ORD-5696,SUB-1055,2023-02-05,55.75,quality_issue
REF-20723,ORD-12442,SUB-1665,2024-10-23,54.06,quality_issue
REF-20724,ORD-25025,SUB-3449,2024-12-08,34.46,quality_issue
REF-20725,ORD-24565,SUB-3291,2024-10-19,35.07,duplicate_charge
REF-20726,ORD-17136,SUB-2166,2024-07-16,35.53,changed_mind
REF-20727,ORD-7948,SUB-1237,2024-01-28,34.31,wrong_item
REF-20728,ORD-19024,SUB-2405,2024-01-06,20.16,quality_issue
REF-20729,ORD-23817,SUB-3109,2024-08-26,20.28,quality_issue
REF-20730,ORD-15866,SUB-2013,2024-08-25,34.41,changed_mind
REF-20731,ORD-11291,SUB-1567,2024-06-14,55.63,changed_mind
REF-20732,ORD-12277,SUB-1653,2023-12-22,55.25,duplicate_charge
REF-20733,ORD-20860,SUB-2639,2024-07-30,34.59,wrong_item
REF-20734,ORD-20579,SUB-2596,2024-05-04,55.57,wrong_item
REF-20735,ORD-13025,SUB-1720,2024-07-28,55.58,wrong_item
REF-20736,ORD-11421,SUB-1581,2024-02-18,34.98,wrong_item
REF-20737,ORD-8489,SUB-1292,2023-05-22,19.91,wrong_item
REF-20738,ORD-6958,SUB-1154,2023-03-14,54.51,changed_mind
REF-20739,ORD-10037,SUB-1440,2023-08-15,55.05,quality_issue
REF-20740,ORD-22481,SUB-2871,2024-04-18,20.21,changed_mind
REF-20741,ORD-5606,SUB-1047,2024-11-06,34.35,quality_issue
REF-20742,ORD-9575,SUB-1398,2023-10-21,19.61,quality_issue
REF-20743,ORD-22538,SUB-2882,2024-06-03,34.47,quality_issue
REF-20744,ORD-6123,SUB-1088,2024-08-24,54.84,quality_issue
REF-20745,ORD-6300,SUB-1101,2023-04-09,54.59,quality_issue
REF-20746,ORD-20872,SUB-2642,2024-03-18,55.08,wrong_item
REF-20747,ORD-5581,SUB-1046,2024-10-29,55.07,quality_issue
REF-20748,ORD-7931,SUB-1236,2023-04-18,19.83,wrong_item
REF-20749,ORD-9854,SUB-1423,2023-10-06,34.69,wrong_item
REF-20750,ORD-15791,SUB-2004,2024-11-21,34.74,changed_mind
REF-20751,ORD-20479,SUB-2583,2024-12-18,34.69,wrong_item
REF-20752,ORD-24799,SUB-3363,2025-01-09,35.43,duplicate_charge
REF-20753,ORD-11583,SUB-1599,2023-07-05,20.01,quality_issue
REF-20754,ORD-13108,SUB-1727,2024-04-10,34.75,quality_issue
REF-20755,ORD-23311,SUB-3009,2024-12-06,54.14,changed_mind
REF-20756,ORD-15900,SUB-2016,2023-12-28,34.56,wrong_item
REF-20757,ORD-23186,SUB-2991,2024-09-08,19.69,wrong_item
REF-20758,ORD-10015,SUB-1439,2023-07-01,20.22,quality_issue
REF-20759,ORD-15953,SUB-2022,2023-10-04,19.92,quality_issue
